date,mkt_rf,smb,hml,rmw,cma,rf
2023-01-03,-0.00388767,0.00181813,0.0055348,-0.00045623,0.0062574,0.00018
2023-01-04,-0.00511229,0.00133197,-0.0075483,-0.00313656,0.00222368,0.00018
2023-01-05,-0.00560634,0.00153825,-0.00069884,0.00310063,-0.00166095,0.00018
2023-01-06,0.01050785,-0.00027354,0.00017716,5.715e-05,-0.01007216,0.00018
2023-01-09,0.00498952,0.00506975,0.00772747,0.00111201,0.00402603,0.00018
2023-01-10,0.01502168,-0.00501023,0.00587171,0.00125761,0.00148224,0.00018
2023-01-11,0.00512381,-0.00768645,0.01022001,-0.00101436,0.00532829,0.00018
2023-01-12,-0.0102175,-0.00992294,0.01407099,-0.00274319,0.00730189,0.00018
2023-01-13,-0.00621879,0.00767815,0.00702734,0.00074648,0.0038853,0.00018
2023-01-16,0.0001066,0.00358617,0.00480087,-0.00772182,0.00020546,0.00018
2023-01-17,0.00578873,0.00101361,0.00398788,-0.00434478,-0.00142485,0.00018
2023-01-18,0.0069444,-0.00100112,-0.00281726,-0.00172605,-0.00535012,0.00018
2023-01-19,0.01040476,-0.00535556,0.00556443,0.00464617,0.01172974,0.00018
2023-01-20,-0.00695665,0.00106218,0.0071805,0.00066105,-4.97e-06,0.00018
2023-01-23,0.00440498,-0.00566605,-0.00094147,-0.00125611,-0.00155306,0.00018
2023-01-24,0.01149012,-0.00012546,-0.00080506,0.0005982,-0.00295633,0.00018
2023-01-25,0.00704573,0.00592871,0.00066653,-0.00179363,-0.00898899,0.00018
2023-01-26,-0.00139146,-0.00070418,-0.00600894,-0.00102568,0.00463646,0.00018
2023-01-27,-0.00854668,0.00189959,0.00608127,-0.00556272,0.0074845,0.00018
2023-01-30,-0.01420762,0.00113979,0.00644451,0.00070403,0.00317522,0.00018
2023-01-31,0.00965187,-0.0109546,-0.00282233,-0.00135421,-0.00778373,0.00018
2023-02-01,-0.00307979,0.00095814,0.00604664,0.00215817,-8.375e-05,0.00018
2023-02-02,-0.00403426,-0.00012064,0.00342202,-0.00497099,0.00548824,0.00018
2023-02-03,0.00346988,0.00553094,0.00178523,0.00426046,0.00180304,0.00018
2023-02-06,-0.00844855,0.00496407,-0.00791228,-1.665e-05,-0.00582863,0.00018
2023-02-07,-0.00632924,0.00175741,-0.0020057,0.00732653,-0.00491687,0.00018
2023-02-08,0.0003305,0.00427258,-0.00423406,-0.00128511,-0.00794293,0.00018
2023-02-09,0.007347,-0.00140322,-0.00852717,0.00719253,0.00122243,0.00018
2023-02-10,-0.00964638,0.00535845,-0.00440823,-0.00200932,-0.01266218,0.00018
2023-02-13,-0.01189168,-0.00076327,-0.00542857,0.00014335,0.00138581,0.00018
2023-02-14,-0.0102195,0.00655045,0.00562157,-0.00571119,0.00439873,0.00018
2023-02-15,0.00443924,-0.0083183,0.00284612,-0.00190789,-0.00261927,0.00018
2023-02-16,0.01515253,0.0031002,0.00526014,0.00057138,-0.00234433,0.00018
2023-02-17,0.00040903,-0.00075762,-0.01161296,0.00079182,-0.01101169,0.00018
2023-02-20,0.00341314,-0.00495832,-0.0070195,0.00217283,0.0024419,0.00018
2023-02-21,0.01228934,-0.00433543,0.00059844,0.00241774,0.00353842,0.00018
2023-02-22,-0.00959557,-0.00265053,0.00382143,-0.00035342,0.00266204,0.00018
2023-02-23,0.0044793,0.00427925,-0.00437025,0.0047286,0.00091631,0.00018
2023-02-24,0.02117377,0.00561858,-0.00014121,0.00908414,0.00797987,0.00018
2023-02-27,0.00852859,-0.00242044,0.00586538,-0.00296204,0.00219671,0.00018
2023-02-28,-0.00714529,0.00219116,0.00379737,-0.00182109,-0.00204875,0.00018
2023-03-01,0.00319604,0.0005582,-0.00521319,0.00012581,0.00095159,0.00018
2023-03-02,0.00243534,-0.00845405,-0.00620068,0.00238966,-0.0002841,0.00018
2023-03-03,0.01151869,-0.00795363,-0.00290184,-0.00327618,0.00094558,0.00018
2023-03-06,-0.00444562,-0.00263256,0.00893419,0.00331115,-0.0012909,0.00018
2023-03-07,0.0023056,0.00088896,-0.00609106,-0.00619092,-0.00350918,0.00018
2023-03-08,9.098e-05,-0.00236083,-0.00119331,-0.00050789,0.00040779,0.00018
2023-03-09,-0.01519254,-0.00059906,0.00353795,-0.00855916,0.00355154,0.00018
2023-03-10,-0.00363886,-0.00728574,0.00415634,-0.00237254,0.0052556,0.00018
2023-03-13,0.00245843,0.00281825,-0.00122751,0.0026009,-0.0124517,0.00018
2023-03-14,-0.00475396,-0.00097177,0.00021122,-0.00264476,0.00739484,0.00018
2023-03-15,0.01592276,0.00506528,-0.00305139,-0.00291258,0.00045428,0.00018
2023-03-16,-0.00219447,0.0016192,-0.0048722,0.002696,0.00886001,0.00018
2023-03-17,-0.01307441,-0.00094239,-0.00806676,0.00149557,-0.00369516,0.00018
2023-03-20,-0.00046002,0.00196885,0.00512857,0.00656828,0.00556629,0.00018
2023-03-21,-0.00109527,-0.0028543,0.00028949,0.0027748,0.01147553,0.00018
2023-03-22,-0.01395859,0.0043265,0.00292187,0.00089442,-0.00039336,0.00018
2023-03-23,-0.00668579,0.00036324,0.00810726,-0.00301271,0.00899051,0.00018
2023-03-24,0.00579298,-0.00332171,0.00372998,9.577e-05,-0.00044013,0.00018
2023-03-27,-0.00162812,-0.00627364,0.00159102,0.0008267,0.00063312,0.00018
2023-03-28,-0.00466834,0.00552645,0.00390214,-0.00108166,0.00737993,0.00018
2023-03-29,0.00534191,-0.00632146,0.00455345,0.01212433,0.00439367,0.00018
2023-03-30,-0.00317566,7.244e-05,-0.00501851,0.00379671,-0.00451617,0.00018
2023-03-31,0.01170607,0.0004605,0.00309922,0.00100845,-0.00346222,0.00018
2023-04-03,-0.00472483,0.00152669,0.00089654,0.00600682,0.00150097,0.00018
2023-04-04,-0.00285418,0.00278038,-0.00334835,-0.00572514,0.00398132,0.00018
2023-04-05,-0.00472164,0.00070203,0.0037302,-0.00497933,0.00254306,0.00018
2023-04-06,-0.00448646,0.00252146,-0.00339004,0.00120348,-0.00020864,0.00018
2023-04-07,0.00385611,0.00191516,0.00310725,8.432e-05,-0.00176501,0.00018
2023-04-10,0.00395381,-0.00091794,0.00427532,0.00295942,0.00553422,0.00018
2023-04-11,0.0041008,0.00222997,-0.0005216,-0.00057133,-0.00723468,0.00018
2023-04-12,0.0200806,0.00097824,-0.00419573,0.00059263,0.00519975,0.00018
2023-04-13,-0.00016699,0.0040305,-0.00693336,-0.00115484,-0.00589743,0.00018
2023-04-14,0.0043296,0.00584577,0.00465757,0.00284046,-0.00347785,0.00018
2023-04-17,-0.00865664,-0.00358848,0.00408179,-0.00212857,-0.00156296,0.00018
2023-04-18,0.00667334,0.00221654,-0.00125606,0.00603673,-0.00202935,0.00018
2023-04-19,0.00266286,0.00325269,-0.00831172,-0.0033095,-0.00820434,0.00018
2023-04-20,0.00758726,-0.00674723,-0.00375977,0.00068343,0.00164555,0.00018
2023-04-21,0.01892493,-0.00241015,0.0051673,0.00515667,0.0039548,0.00018
2023-04-24,-0.00096816,-0.00139868,-0.00158855,0.00359065,-0.0027836,0.00018
2023-04-25,-0.03746456,0.00822429,0.0040581,-0.00479939,-0.00516872,0.00018
2023-04-26,0.0147133,-0.00105389,-0.00612401,0.00644331,-0.00044161,0.00018
2023-04-27,-0.00863643,-0.0006336,-0.00144814,0.00878765,0.00188501,0.00018
2023-04-28,0.00958082,-0.00446369,-0.00130227,0.0023175,-0.00463169,0.00018
2023-05-01,0.01201008,-0.00090371,0.00378744,-0.00286222,0.00506396,0.00018
2023-05-02,-0.01686896,-0.00556471,-0.00377869,-0.0053977,0.003332,0.00018
2023-05-03,0.00447516,-0.01138102,-0.00438994,0.00382953,-0.00586896,0.00018
2023-05-04,0.00414343,-0.0041013,-0.00129793,0.00648087,-0.00305822,0.00018
2023-05-05,-0.02657823,-0.00117308,0.00277125,-0.00229092,0.00898759,0.00018
2023-05-08,-0.00246496,-0.00134376,-0.0048763,-0.00478567,-0.01031212,0.00018
2023-05-09,-0.01384607,-0.00118906,0.00125566,-0.00365964,0.00061989,0.00018
2023-05-10,0.00993927,-0.00588305,-0.0046106,0.00200706,-0.0002888,0.00018
2023-05-11,0.00021379,0.00573366,-0.0037439,0.0023448,-0.00412959,0.00018
2023-05-12,-0.01588862,0.00981901,0.00536486,-0.00296938,-0.00025229,0.00018
2023-05-15,0.01082096,-0.00407929,0.00099939,-0.00322595,0.00758572,0.00018
2023-05-16,-0.00560295,-0.00407194,0.00149162,-0.00047982,-0.00028501,0.00018
2023-05-17,0.00729064,0.00039213,0.00059353,0.00334506,-0.00411014,0.00018
2023-05-18,-0.01687605,-0.00249132,-0.00678012,-0.00418186,-0.00223672,0.00018
2023-05-19,0.00856919,0.00618972,-0.00539819,0.00078631,-0.00096947,0.00018
2023-05-22,-0.01612182,-4.129e-05,-0.00112359,0.00308754,0.0003945,0.00018
2023-05-23,-0.00437374,0.00211525,0.00103687,0.00448476,-0.00098382,0.00018
2023-05-24,0.00040219,0.00596969,0.00314145,-0.00268488,0.00821171,0.00018
2023-05-25,0.00894788,0.0008382,0.00660852,-0.00101451,-0.00402898,0.00018
2023-05-26,0.01075712,-0.00097825,0.01146803,0.00257426,-0.00019686,0.00018
2023-05-29,0.00187317,0.00157044,-0.012267,0.00091139,-0.00825825,0.00018
2023-05-30,-0.01415689,0.00167925,0.0087123,0.0052153,0.00691148,0.00018
2023-05-31,0.00287469,-0.00045049,0.00570244,-0.00256815,0.00678029,0.00018
2023-06-01,-0.00910267,0.00285921,0.00664043,0.00130876,-0.00173225,0.00018
2023-06-02,0.00918538,-0.00040766,-0.00158904,0.00223117,-0.00351074,0.00018
2023-06-05,-0.01364761,-0.00256992,0.00504408,-0.00234166,0.00104583,0.00018
2023-06-06,0.01344446,0.00526535,-0.00129753,0.00188117,-0.00039219,0.00018
2023-06-07,0.01470181,0.00079353,-0.00281871,-0.00189849,0.00111369,0.00018
2023-06-08,0.00509236,0.00114455,-0.00362111,-0.0027269,-0.00312502,0.00018
2023-06-09,-0.00879527,0.00373839,0.01132132,-0.00364014,-0.00652671,0.00018
2023-06-12,0.003777,-0.00167069,-0.00691209,0.00203261,-0.00070965,0.00018
2023-06-13,0.01171684,-0.00112213,0.00108274,0.00056572,0.00170196,0.00018
2023-06-14,0.00218827,-0.00022851,0.00568063,0.00017206,0.0055501,0.00018
2023-06-15,-0.00311126,-0.00086813,-0.00256476,-0.00264925,0.00090107,0.00018
2023-06-16,-0.01050294,-0.00698747,0.00843871,-0.00300526,-0.00160891,0.00018
2023-06-19,-0.001142,0.00238111,0.00075884,-0.00378925,-0.00360333,0.00018
2023-06-20,-0.00369179,0.00306007,0.00081066,-0.00126509,-0.00027563,0.00018
2023-06-21,0.00196539,0.00502369,0.00087041,0.00120874,0.00156102,0.00018
2023-06-22,-0.00582221,-0.00076268,-0.00793604,0.0002615,0.00134462,0.00018
2023-06-23,-0.00686343,0.00755987,-0.01112051,0.0020123,-0.00409978,0.00018
2023-06-26,-0.00671957,-0.00540229,-0.00465352,-0.00452896,0.00052564,0.00018
2023-06-27,-0.00245642,-0.00027161,0.00188028,0.003039,0.00108933,0.00018
2023-06-28,0.00974226,0.00759509,-0.0052238,-0.00244993,-0.00510334,0.00018
2023-06-29,-0.02943991,0.00081947,0.00196671,-0.0080262,-0.00076864,0.00018
2023-06-30,-0.03905113,0.0052321,-0.00272756,0.00219311,-0.00388828,0.00018
2023-07-03,0.01147426,0.00302693,-0.0080773,0.00258014,-0.00627508,0.00018
2023-07-04,0.00025827,0.0013718,0.00090685,-0.00115151,0.00132884,0.00018
2023-07-05,-0.00746144,-0.00828079,-0.00311708,-0.00291818,-0.00148748,0.00018
2023-07-06,0.0170376,0.00032367,-0.01672656,0.00380259,-0.01124269,0.00018
2023-07-07,-0.03892378,0.00092998,0.00283086,0.00298745,0.00292224,0.00018
2023-07-10,0.00257666,0.00387211,-0.00262665,0.00266146,-0.00236514,0.00018
2023-07-11,0.02903536,-0.0019391,-0.00581284,-0.00310255,-0.00656725,0.00018
2023-07-12,-0.01262347,-0.00737071,0.00565156,-0.00285558,0.0010803,0.00018
2023-07-13,-0.00891507,0.00514078,-0.00021685,-0.00191718,-0.00549379,0.00018
2023-07-14,0.02098826,-0.00849882,0.00588172,0.00155798,-0.00034976,0.00018
2023-07-17,-0.0077345,-0.00251319,0.00279144,-0.00563747,0.00585543,0.00018
2023-07-18,0.01707185,-0.01073011,0.00212679,0.00452907,0.0034336,0.00018
2023-07-19,-0.00069859,-0.00255858,-0.00479388,-0.00486032,-0.00297325,0.00018
2023-07-20,-0.01077216,0.00552585,0.00653806,0.00458216,0.0041231,0.00018
2023-07-21,-0.00779376,0.00439179,0.00613756,0.00049306,0.00520481,0.00018
2023-07-24,-0.00842539,0.00165126,0.00449826,0.00544408,-0.00446931,0.00018
2023-07-25,0.00016364,-0.00105962,0.00038909,0.00125858,-0.00111633,0.00018
2023-07-26,-0.00723875,-0.00241689,0.00184774,-0.00491458,-0.00562128,0.00018
2023-07-27,-0.00927297,0.00885789,0.00533202,0.00200167,0.00344362,0.00018
2023-07-28,-0.01673484,0.00083264,-0.00318106,0.00049334,-0.00393199,0.00018
2023-07-31,0.00343078,0.00227812,0.00277031,-0.00134731,0.00351106,0.00018
2023-08-01,0.03087675,-0.00520684,0.0071805,-0.00358741,0.00782008,0.00018
2023-08-02,0.0232689,0.00793417,0.0076678,0.00071312,0.00291654,0.00018
2023-08-03,0.0001493,-0.00499717,-0.00031102,-0.00098003,-0.0041952,0.00018
2023-08-04,-0.00124263,-0.00140567,0.00475294,-0.00615129,0.00409911,0.00018
2023-08-07,-0.01707104,0.00420178,-0.00233706,-0.00221434,-0.00010172,0.00018
2023-08-08,-0.01027449,0.00283041,0.00351196,-0.00011823,0.00247794,0.00018
2023-08-09,0.01489088,-0.00406632,-0.00094526,-0.00264234,0.00237153,0.00018
2023-08-10,-0.03398293,0.0104138,-0.00866671,0.00062727,0.00213274,0.00018
2023-08-11,-0.00712118,1.602e-05,0.00925573,-0.00105504,0.00525053,0.00018
2023-08-14,0.00034843,-0.00377286,-0.00909829,0.00189605,-0.00871604,0.00018
2023-08-15,-0.00027124,-0.00030998,0.00165281,-0.00332692,-9.392e-05,0.00018
2023-08-16,0.00819012,-0.0057758,-0.00894374,0.00181848,-0.00281126,0.00018
2023-08-17,-0.04240947,7.52e-06,0.00145816,-0.0055771,0.0041034,0.00018
2023-08-18,0.01468548,-0.00426948,-0.00149555,-0.00062409,-0.00203074,0.00018
2023-08-21,-0.01967307,-0.00677603,-0.0024837,0.00105464,0.00233998,0.00018
2023-08-22,0.02337163,-0.01042152,-0.00154343,-0.00054579,-0.00173192,0.00018
2023-08-23,0.00227386,-0.00353209,-0.00052545,0.00372351,-0.00256573,0.00018
2023-08-24,0.01989388,-3.696e-05,0.00124566,0.00475112,-0.00442348,0.00018
2023-08-25,0.02697397,-0.00494505,-0.00591604,5.299e-05,-0.00032314,0.00018
2023-08-28,0.05149428,-0.0024859,-0.00904264,0.00367988,-0.00072235,0.00018
2023-08-29,0.01456432,0.0012941,0.00086832,0.00303351,0.00552324,0.00018
2023-08-30,-0.047442,0.00090976,0.00669845,0.00154388,-0.00326332,0.00018
2023-08-31,-0.00270372,-0.00188897,0.00129666,-3.325e-05,0.00165527,0.00018
2023-09-01,0.00930739,-0.00023428,0.00106694,0.00276106,0.00588582,0.00018
2023-09-04,0.01869765,0.00073333,0.00370607,-0.00042679,0.00163251,0.00018
2023-09-05,-0.01272735,0.00165526,0.01247205,0.00080389,0.01332649,0.00018
2023-09-06,0.00888289,-0.00106342,-0.00112439,-0.00623514,-0.00419856,0.00018
2023-09-07,-0.03876034,0.00597138,0.00168006,-0.00289728,-0.00082082,0.00018
2023-09-08,0.01440407,0.0072035,0.00409244,0.01098427,0.00050694,0.00018
2023-09-11,-0.01641644,0.00539202,0.00342451,3.909e-05,-0.00599578,0.00018
2023-09-12,-0.01531393,-0.00018166,-0.00177539,0.00351468,-0.00270978,0.00018
2023-09-13,0.00380972,-0.00358532,0.01082283,-0.00602688,0.00362954,0.00018
2023-09-14,0.00719356,-0.00433337,-0.00061488,-0.00055976,-0.00184829,0.00018
2023-09-15,0.01774251,-0.00731231,-0.00299332,0.00054409,0.00045338,0.00018
2023-09-18,-0.00428557,-0.00405871,0.0040609,0.00179582,0.00551525,0.00018
2023-09-19,-0.01001031,-0.00322528,-0.00822619,-0.00310757,-0.00306087,0.00018
2023-09-20,0.00646243,0.00294833,0.00267939,0.00335436,0.00028288,0.00018
2023-09-21,0.00014027,-0.00062334,-0.00163198,0.00161091,0.00375294,0.00018
2023-09-22,0.00733331,-0.00220269,-0.00010751,0.00488237,-0.0016563,0.00018
2023-09-25,-0.00037727,-0.00127741,-0.01075403,0.00410716,-0.00149549,0.00018
2023-09-26,0.00959778,0.01046179,-0.00055141,0.00534104,-0.00022257,0.00018
2023-09-27,-0.00144935,-0.00781772,0.00366226,-0.00438822,0.00087516,0.00018
2023-09-28,0.00355864,0.0019228,0.00377261,-0.00331049,0.00709489,0.00018
2023-09-29,0.0019127,-0.00014881,0.00082433,-0.00120366,0.00377206,0.00018
2023-10-02,-0.00790792,0.00183182,-0.00644675,0.00242566,-0.00010715,0.00018
2023-10-03,-0.00109914,-0.00315844,0.00986151,-0.00614647,0.00117539,0.00018
2023-10-04,-0.00776201,-4.756e-05,0.00112226,0.00651074,0.00170189,0.00018
2023-10-05,-0.00468282,0.00144057,-0.00165238,0.00274834,0.00057517,0.00018
2023-10-06,-0.00569684,0.00071443,-0.00554691,-0.00057618,-0.00023191,0.00018
2023-10-09,-0.01312,-0.00109717,-0.00217032,0.00118735,-0.00463955,0.00018
2023-10-10,-0.00114011,0.00538174,0.00056187,0.00495469,-0.0005602,0.00018
2023-10-11,0.00252823,-0.00683331,0.00014119,0.00034878,0.00242004,0.00018
2023-10-12,0.00281278,0.00481231,-0.00101708,0.0009103,-0.00768319,0.00018
2023-10-13,0.00733611,-0.0037327,-0.00143982,0.00599449,0.00612313,0.00018
2023-10-16,0.00247915,-0.00017602,-0.01059752,-0.00232354,-0.0064573,0.00018
2023-10-17,0.01471835,-0.00365989,0.00566373,0.00257177,0.00288518,0.00018
2023-10-18,0.00248433,-0.00389778,0.00434694,-0.0016069,0.00156619,0.00018
2023-10-19,-0.01056407,0.0051586,0.00049871,-0.00301284,-0.00505773,0.00018
2023-10-20,-0.00254161,-0.00049611,-0.0067703,0.00368312,0.00459734,0.00018
2023-10-23,0.0043387,0.00560435,-0.002201,0.00277363,0.00289325,0.00018
2023-10-24,-0.01000242,0.00233774,-0.00054991,-0.00149793,-0.0008796,0.00018
2023-10-25,-0.01093027,-0.00052649,-0.00362732,0.00332512,-0.00160044,0.00018
2023-10-26,0.02409033,-0.00215174,-0.00460146,0.00154902,-0.00609808,0.00018
2023-10-27,0.0064566,0.00022082,-0.00484113,0.00619524,-0.00220295,0.00018
2023-10-30,0.00216403,0.00639259,-0.00332537,0.00222337,-0.00435161,0.00018
2023-10-31,0.00995479,0.00092602,-0.0047274,0.00332782,-0.00784343,0.00018
2023-11-01,0.00200437,-0.00559719,-0.00985173,-0.00044037,-0.01121481,0.00018
2023-11-02,0.00625352,-0.00185076,0.00848309,0.00309906,-0.00165354,0.00018
2023-11-03,0.02223303,0.01328765,-0.00161456,-0.00026014,0.00447267,0.00018
2023-11-06,0.00595136,-0.00194173,-0.00417721,0.00247485,0.00135216,0.00018
2023-11-07,0.01787476,-0.00563396,-0.00964579,-0.00175117,-0.00584653,0.00018
2023-11-08,-0.00437566,0.00017,0.0053481,-0.00366178,-0.00241319,0.00018
2023-11-09,0.00551266,-0.00234144,0.00168676,-0.00184441,0.0012239,0.00018
2023-11-10,-0.02514293,-0.00209932,0.000444,0.0020516,-4.283e-05,0.00018
2023-11-13,-0.00165465,-0.00371376,0.00286281,0.00119298,-0.00179284,0.00018
2023-11-14,-0.00321954,0.00129594,0.00846532,0.00362633,0.00856284,0.00018
2023-11-15,-0.01707133,0.00352081,0.00544036,0.00396666,0.00448271,0.00018
2023-11-16,0.01013144,0.00040661,0.01421925,-0.00453526,0.00614701,0.00018
2023-11-17,0.01054179,0.00691994,-0.00487212,-0.00637887,0.00237333,0.00018
2023-11-20,-0.00408232,0.00178353,0.00747223,0.00376149,-0.00152184,0.00018
2023-11-21,0.0063396,0.00126162,-0.00727224,0.00499861,-0.00676887,0.00018
2023-11-22,0.00633512,-0.00047621,-0.00197731,-0.00215864,-0.00293384,0.00018
2023-11-23,3.342e-05,0.00734727,-0.00297031,0.00404101,-0.00095498,0.00018
2023-11-24,0.02461487,0.00204549,0.00066635,0.00327031,-0.00802866,0.00018
2023-11-27,-0.00489499,0.00162025,0.00348635,-0.00188993,0.00257368,0.00018
2023-11-28,0.01293966,0.00030799,-0.0018682,-0.00357831,0.00229403,0.00018
2023-11-29,0.02591462,0.00021769,-0.00652203,0.00068514,-0.00414519,0.00018
2023-11-30,0.00654807,-0.00106944,-0.00025432,-0.00269467,0.00025148,0.00018
2023-12-01,-0.00829144,0.00054758,0.00194865,-0.00806823,0.0030729,0.00018
2023-12-04,0.01424568,-0.00665203,0.00117543,0.00187866,0.00051392,0.00018
2023-12-05,-0.00527512,-0.00123044,-0.00293667,0.00015498,0.00113856,0.00018
2023-12-06,0.00715656,-0.00287373,-0.00823586,-0.00188337,-0.0004892,0.00018
2023-12-07,-0.03868622,-0.00346302,0.01187566,-0.00397385,0.00625274,0.00018
2023-12-08,-0.01474775,-0.0040289,0.0083695,-0.00509412,0.00745852,0.00018
2023-12-11,-0.01449663,0.0053498,-0.00416237,0.00207396,-0.00037782,0.00018
2023-12-12,0.0129296,-0.00272904,0.00773859,-5.13e-05,0.00404522,0.00018
2023-12-13,0.01202769,-0.00196283,-0.00307778,0.00319347,-0.00565055,0.00018
2023-12-14,-0.00092906,-0.0078967,0.00606947,0.00355902,0.00727687,0.00018
2023-12-15,0.00709446,-0.00299919,-0.01398531,0.00204661,-0.01044782,0.00018
2023-12-18,0.02626923,-0.00519267,0.00165403,0.00333323,0.00285313,0.00018
2023-12-19,0.00715143,-0.00527074,-0.00500103,-0.00430517,0.00148581,0.00018
2023-12-20,0.00313806,0.00094595,-0.00113774,-0.0017806,-0.00080475,0.00018
2023-12-21,0.0088361,-0.00199988,-0.00654714,-0.00865052,-0.00517017,0.00018
2023-12-22,-0.00598882,0.00249681,0.00028903,-0.00053297,-0.00412823,0.00018
2023-12-25,-0.00557337,-0.00197228,0.00013527,0.00375176,-0.00219178,0.00018
2023-12-26,0.00430202,0.00401164,0.0076596,0.00593806,0.00121574,0.00018
2023-12-27,-0.00703077,-0.00300733,-0.00564033,0.00628334,0.00043366,0.00018
2023-12-28,-0.00983388,-0.0031273,0.005462,0.00115235,-0.00171459,0.00018
2023-12-29,0.00832712,-0.00304242,0.00977232,0.00306781,0.00548278,0.00018
2024-01-01,0.01582956,-0.00533967,0.00919437,0.00541737,0.00616051,0.00018
2024-01-02,-0.00223878,0.00420018,0.00769105,0.00178156,-0.00042088,0.00018
2024-01-03,-0.01930786,0.00076393,0.0030016,0.00255055,-0.00296052,0.00018
2024-01-04,0.01105145,-0.00312239,-0.00921581,0.00225255,0.00557648,0.00018
2024-01-05,-0.00403341,-0.00104152,0.00297303,-0.00059738,-0.00161876,0.00018
2024-01-08,0.03330749,-0.00341414,0.00091263,-0.00176809,-0.00260523,0.00018
2024-01-09,0.03188162,0.0089985,-0.01437978,0.0095596,2.26e-05,0.00018
2024-01-10,0.00083533,-0.00409681,0.0001071,-0.0020313,-0.00109273,0.00018
2024-01-11,0.01150301,0.00484609,-0.00945571,-0.00299293,-0.01205384,0.00018
2024-01-12,-0.0094391,0.00177799,-0.00165152,0.00048261,0.00803756,0.00018
2024-01-15,0.00935272,-0.00365604,0.00249907,0.0015601,-0.00262535,0.00018
2024-01-16,0.01647167,-0.00383271,0.0003637,-0.00452418,0.00019353,0.00018
2024-01-17,-0.0019746,0.00182574,0.01194391,-0.00288317,0.00638292,0.00018
2024-01-18,0.00026032,-0.0012066,0.00900758,3.002e-05,0.0040199,0.00018
2024-01-19,-0.00049991,0.0043037,-7.866e-05,0.00108688,0.01232351,0.00018
2024-01-22,0.00406364,0.00147687,0.00495892,-0.00250497,0.00609965,0.00018
2024-01-23,0.00490551,-0.00290616,0.00254014,-0.00471592,-0.00375575,0.00018
2024-01-24,0.00447899,0.00239704,-0.00032936,-0.00498364,-0.00029015,0.00018
2024-01-25,0.00649434,0.00195665,0.00065458,-0.00146708,-0.00210109,0.00018
2024-01-26,0.00653373,0.0026194,-0.00471007,0.00164805,-0.00386264,0.00018
2024-01-29,0.00062523,-0.00492327,0.00533396,0.00663108,0.00193906,0.00018
2024-01-30,0.01651354,0.00027661,0.00275582,-0.00221146,0.00499355,0.00018
2024-01-31,-0.00143744,0.00288781,-0.00463713,-0.00230381,-0.0034649,0.00018
2024-02-01,0.006995,0.00606144,-0.00107509,0.0047302,-0.00045037,0.00018
2024-02-02,0.0021728,-0.0029428,-0.00404199,-0.00257149,-0.00544561,0.00018
2024-02-05,0.00694479,8.39e-06,-0.00322806,-0.00855838,-0.00448974,0.00018
2024-02-06,-0.00270182,0.00347071,0.00380706,-0.00235154,0.00161405,0.00018
2024-02-07,7.134e-05,-0.00118484,-0.0032072,-0.00150035,0.00449958,0.00018
2024-02-08,0.00190688,-0.00225033,0.0071862,0.00149638,0.00631705,0.00018
2024-02-09,-0.00167875,-0.00108225,0.00932373,-0.00021352,0.00594597,0.00018
2024-02-12,-0.00067241,-0.00051389,-0.00644434,0.00415952,-0.00809464,0.00018
2024-02-13,-0.00276344,-0.00171455,-0.00192922,-0.00285327,4.104e-05,0.00018
2024-02-14,0.00896752,0.00417593,-0.0021754,-0.00234405,0.00123272,0.00018
2024-02-15,-0.01116221,0.00431315,0.0015629,0.00580748,0.00251909,0.00018
2024-02-16,0.00013008,0.00510524,0.00158595,-0.00227812,-0.00214035,0.00018
2024-02-19,0.00491162,0.00076416,-0.00270549,0.0013204,-0.00375634,0.00018
2024-02-20,0.01054707,0.00229527,0.00114364,-0.00276752,0.00782012,0.00018
2024-02-21,-0.00191929,0.00395502,0.0052619,-0.00491898,0.00479846,0.00018
2024-02-22,0.00696185,0.00773145,0.00230033,-0.00314939,-0.00123121,0.00018
2024-02-23,0.01120785,0.00446622,0.00177733,0.00239457,-8.547e-05,0.00018
2024-02-26,-0.02096416,-0.00852382,-0.00403884,-0.00302031,0.00041806,0.00018
2024-02-27,-0.00380697,-0.00356861,-0.00404966,0.00156948,0.00198728,0.00018
2024-02-28,-0.0159382,0.00441481,0.00218015,0.00148412,0.00492046,0.00018
2024-02-29,0.00063442,-0.00358091,-0.00394293,-0.00114807,0.00354429,0.00018
2024-03-01,0.00198145,0.00028564,0.00308962,0.00283684,0.00348982,0.00018
2024-03-04,0.00955367,-0.01181112,0.01193638,-0.0036085,0.00807104,0.00018
2024-03-05,0.00164371,-0.00312627,-0.00465005,-0.00036225,0.00084011,0.00018
2024-03-06,-0.01004445,0.01044653,0.00415828,0.00247615,0.00338241,0.00018
2024-03-07,-0.00203326,-0.01128764,0.00011561,-0.00300867,0.00223883,0.00018
2024-03-08,-0.00412735,0.00133447,-0.00417289,-0.00615136,-0.00343256,0.00018
2024-03-11,-0.0104836,0.00617741,0.00329688,0.00329069,0.00030657,0.00018
2024-03-12,0.01057264,-0.00159654,-0.00025204,-0.00108623,0.00207805,0.00018
2024-03-13,0.01017287,0.00109112,0.0078886,-0.00397157,0.00847221,0.00018
2024-03-14,0.00252413,-0.00245046,-0.01035219,0.00242213,8.35e-05,0.00018
2024-03-15,0.00670729,-0.00431537,7.83e-06,7.9e-05,-0.0049606,0.00018
2024-03-18,0.00629581,0.00240601,-0.00184669,-0.00054351,-0.00314204,0.00018
2024-03-19,0.00609001,0.00027033,-0.0073312,0.00449254,-0.00801227,0.00018
2024-03-20,-0.00748732,0.00646165,0.00441448,-0.00143547,0.00405396,0.00018
2024-03-21,-6.166e-05,-0.00285837,0.00475265,0.00157924,-0.00271518,0.00018
2024-03-22,-0.00529684,1.686e-05,-0.00383618,-0.00099847,0.0006207,0.00018
2024-03-25,-0.00291099,-0.00756765,0.00195929,-0.00465195,-0.00083,0.00018
2024-03-26,0.00118751,-0.00893528,-0.00298001,-0.00148203,-0.00181845,0.00018
2024-03-27,-0.03089226,-0.00020484,0.00387516,-0.00296134,0.00140598,0.00018
2024-03-28,0.00793372,0.00578097,0.00197275,0.001992,-0.00158466,0.00018
2024-03-29,-0.01196864,0.00014445,-0.00752071,0.00159395,-0.00481613,0.00018
2024-04-01,0.02187794,0.00667452,-0.00157109,0.00827019,0.00293212,0.00018
2024-04-02,-0.00711817,0.00120707,0.00782488,0.00073701,0.00535591,0.00018
2024-04-03,0.01149969,0.00580157,-0.01078131,0.00292013,0.0007885,0.00018
2024-04-04,0.0519896,0.00040624,0.00188789,0.00227659,0.00126055,0.00018
2024-04-05,0.0126981,0.00158288,-0.00276729,0.00112633,0.00066223,0.00018
2024-04-08,0.01056593,-0.00338708,0.00040579,-0.00848288,-0.00105596,0.00018
2024-04-09,-0.00096375,0.01020051,-0.00824551,-0.00086339,-0.00144662,0.00018
2024-04-10,-0.01302972,0.00092749,0.00054895,-0.00240925,0.00234648,0.00018
2024-04-11,-0.01272114,-0.00012878,-0.00741801,0.00051312,-0.00973545,0.00018
2024-04-12,-0.02598607,0.00664911,-0.00124909,0.00086629,0.00096004,0.00018
2024-04-15,0.02346823,-0.00550331,0.00252254,0.00225818,-0.00207502,0.00018
2024-04-16,0.0085313,0.00042235,-4.615e-05,-0.00011759,0.0032968,0.00018
2024-04-17,-0.00570151,0.00028803,-0.00041526,-0.0024527,-0.00216599,0.00018
2024-04-18,0.00413921,0.00369432,-0.00192325,0.00371791,0.00084513,0.00018
2024-04-19,-0.01128867,0.00069115,0.00321397,-0.00341494,0.00303451,0.00018
2024-04-22,0.00864429,0.005818,0.00117633,-4.404e-05,-0.00192466,0.00018
2024-04-23,-0.0034517,-0.00130363,0.00773729,0.00250613,0.00490968,0.00018
2024-04-24,0.00429352,0.0010126,-0.00678491,-0.00025917,-0.00092859,0.00018
2024-04-25,-0.02326672,0.00683102,0.00649101,0.00100915,0.00405084,0.00018
2024-04-26,-0.01464179,0.00074875,0.00062991,-0.00098754,-0.0042078,0.00018
2024-04-29,0.02007053,-0.00216964,-0.00029279,-0.00231587,-0.00796796,0.00018
2024-04-30,-0.02653749,-0.00137167,0.00438531,5.936e-05,0.0068596,0.00018
2024-05-01,0.00337933,-0.00253424,0.00738298,0.00690521,0.00530738,0.00018
2024-05-02,-0.01391736,0.00773478,0.00698293,-0.00283587,0.01196197,0.00018
2024-05-03,-0.00618012,0.00680891,0.00588196,-0.00281133,0.0032557,0.00018
2024-05-06,-0.01434311,0.00464517,-0.002073,0.00544258,0.00187001,0.00018
2024-05-07,0.01571585,0.00386394,-0.0041682,-0.00252601,-0.0030804,0.00018
2024-05-08,0.03648822,0.00140632,0.00608416,0.00144234,-0.00487452,0.00018
2024-05-09,0.00628981,-0.00308523,0.00168149,0.0050076,-0.00068957,0.00018
2024-05-10,0.01292125,-0.00192267,-0.00364706,0.00455783,0.00803017,0.00018
2024-05-13,0.01358057,-0.00080864,-0.00130672,-0.00472984,-0.00133494,0.00018
2024-05-14,-0.01196593,-0.00482778,0.00868102,0.00185061,0.00340092,0.00018
2024-05-15,-0.03161773,0.0057203,0.00848292,-0.000319,0.00521331,0.00018
2024-05-16,-0.02918045,0.00870308,0.00705177,-0.00193853,0.00785093,0.00018
2024-05-17,0.00305956,-0.00476785,-0.00229473,0.00433475,-0.0045066,0.00018
2024-05-20,0.01725303,-0.00444932,0.00121882,0.00348786,0.00622424,0.00018
2024-05-21,0.05516362,-0.00953637,-0.00328138,0.000598,0.00443564,0.00018
2024-05-22,0.01109269,-0.00239257,-0.00318129,0.00363008,-0.00277053,0.00018
2024-05-23,-0.01927286,0.00099725,-0.00141052,0.00214619,0.0005677,0.00018
2024-05-24,0.03425042,0.00233151,0.01041036,-0.00230591,0.00919463,0.00018
2024-05-27,0.0073313,-0.00555657,0.00053543,0.00186794,0.00339331,0.00018
2024-05-28,-0.00210674,0.00067715,0.00310144,-0.00182266,0.00188142,0.00018
2024-05-29,-0.00301561,0.00407194,-0.00279763,0.00126589,0.00125346,0.00018
2024-05-30,-0.00174962,-0.00500806,0.00536387,0.00435873,0.00710897,0.00018
2024-05-31,0.02654341,-0.00218893,-0.00594676,0.00402305,-0.00578492,0.00018
2024-06-03,-0.02082744,-0.00790555,0.00067353,0.00687221,-0.00084412,0.00018
2024-06-04,-0.0156395,-0.00115089,-0.00973292,-0.00259841,-0.00697814,0.00018
2024-06-05,-0.01117867,0.01140882,0.01030801,-0.00173187,-0.00126501,0.00018
2024-06-06,-0.00740016,0.00317866,-0.00623607,0.00127049,-0.00334927,0.00018
2024-06-07,-0.01725866,-0.00199522,0.00075351,0.00054367,-0.00200712,0.00018
2024-06-10,-0.01604729,-0.00135317,0.00653485,0.00152753,0.00395559,0.00018
2024-06-11,0.00780113,0.00672536,-0.00351951,0.00108493,0.00547089,0.00018
2024-06-12,0.01511903,0.00417998,0.00445994,-0.00064543,0.00122677,0.00018
2024-06-13,-0.00420176,0.00414973,-0.0017696,0.00073801,-0.00187802,0.00018
2024-06-14,-0.01564151,-0.00636923,-0.01385557,0.00672541,-0.00805941,0.00018
2024-06-17,0.00083477,0.00444595,0.00150479,-0.00101434,-0.00534821,0.00018
2024-06-18,-0.00517425,0.00424593,0.00515902,0.00480776,0.00187729,0.00018
2024-06-19,0.00129554,-0.00641752,-0.00616187,0.00188796,-0.00150016,0.00018
2024-06-20,0.02245857,0.00076275,-0.0066846,-0.00565195,0.00062588,0.00018
2024-06-21,-0.0046702,-0.00170719,0.00164994,-0.00853044,0.00311017,0.00018
2024-06-24,-0.00646565,-0.00562835,-0.00328668,-0.00353946,-0.00228579,0.00018
2024-06-25,-0.00178339,-0.00738822,-0.00675809,0.0041629,0.00121895,0.00018
2024-06-26,0.00207475,0.0002704,0.00594434,0.00046909,-0.00486368,0.00018
2024-06-27,-0.00271522,-0.00636865,0.00782239,-0.00129038,0.01006416,0.00018
2024-06-28,0.00965459,-0.00473583,-0.00425862,0.00375328,0.00405852,0.00018
2024-07-01,0.01484851,0.00205343,-0.00015314,0.00021998,0.00573265,0.00018
2024-07-02,0.00743525,0.00031025,-0.00272251,0.00269914,-0.00138327,0.00018
2024-07-03,-0.00720446,0.0082297,-0.0061939,-0.00618849,-0.00409639,0.00018
2024-07-04,-0.00087523,0.00469284,-0.00443995,-0.0027999,0.00179685,0.00018
2024-07-05,-0.0025604,-0.00083323,0.00247554,-0.00647004,-0.00478172,0.00018
2024-07-08,0.00673964,-0.00456782,-0.00036634,-0.00086775,0.00539459,0.00018
2024-07-09,0.01507425,0.0035736,-0.00273084,0.00417299,0.00612062,0.00018
2024-07-10,-0.00863467,-0.00410461,-0.00689071,-0.0038007,0.00152175,0.00018
2024-07-11,0.01213374,0.00438585,0.00413719,-0.00370169,-0.0027651,0.00018
2024-07-12,0.00928821,-0.00096364,0.00544769,0.00156194,0.00020876,0.00018
2024-07-15,0.01021553,-0.00791229,-0.00699833,0.00594429,-0.00183953,0.00018
2024-07-16,0.01229894,-0.00129749,-0.00997905,0.00601416,-0.0007903,0.00018
2024-07-17,0.00115207,-0.0044668,0.00231526,-0.00308449,-0.00210133,0.00018
2024-07-18,-0.00639942,-0.00228751,0.00111219,0.00010138,0.0010289,0.00018
2024-07-19,0.0122548,-0.00096279,-0.00363975,0.00199492,-0.00528781,0.00018
2024-07-22,-0.00303498,0.00685627,-0.00597776,-0.00160778,-0.00106403,0.00018
2024-07-23,-0.00918023,0.00234578,0.00259957,-0.00034548,0.00461082,0.00018
2024-07-24,-0.00029732,-0.00955416,0.00146327,-0.00384574,-0.00691663,0.00018
2024-07-25,0.00448046,0.00162384,-0.00171227,-0.00587056,0.00565251,0.00018
2024-07-26,0.00013813,-0.00389877,0.00017511,0.00011226,-0.00462333,0.00018
2024-07-29,-0.00200233,-0.00226344,-0.00573321,-3.879e-05,-0.00657925,0.00018
2024-07-30,-0.01780269,-0.00275282,0.00103243,0.00191014,-0.00733581,0.00018
2024-07-31,0.00478585,-9.432e-05,-0.00995292,0.00144841,-0.00302309,0.00018
2024-08-01,-0.00460024,-0.00329308,0.00257252,-0.00584114,0.00351574,0.00018
2024-08-02,0.00955294,-0.00487557,-0.00236895,0.00359244,0.00089368,0.00018
2024-08-05,-4.617e-05,0.00242159,-0.00588574,0.00190533,-0.00347868,0.00018
2024-08-06,-0.00158707,0.00579292,0.00156464,-0.00054088,-0.00534909,0.00018
2024-08-07,-0.00289104,-0.00268751,0.00293843,-0.0019883,0.00752771,0.00018
2024-08-08,0.01579878,0.00048628,0.00153581,0.00077119,0.00498412,0.00018
2024-08-09,0.0043998,0.00206821,-0.00512449,0.00097107,0.00561512,0.00018
2024-08-12,0.00677058,0.00138902,0.00239315,-0.00566339,-0.00248052,0.00018
2024-08-13,-0.00250974,-0.00998121,-0.00463683,0.00123396,-0.00676611,0.00018
2024-08-14,0.00372031,-0.00721028,0.00569949,0.00034598,0.01199512,0.00018
2024-08-15,-0.0018175,0.0060554,-0.00466269,0.00479366,-0.00222818,0.00018
2024-08-16,-0.00589687,0.00642649,0.0088373,-0.00011441,0.00389349,0.00018
2024-08-19,0.00267622,-0.00213986,0.00424689,0.00137734,0.00878244,0.00018
2024-08-20,-0.01084925,0.00333892,-0.00333384,-0.00110916,0.0024091,0.00018
2024-08-21,-0.00141316,0.00042061,0.00046594,-0.00282473,-0.0016511,0.00018
2024-08-22,-0.00917018,0.00132807,-0.00099205,-0.00311562,-0.00362211,0.00018
2024-08-23,0.00986057,0.00018899,-0.00420489,-0.00308034,-0.00012892,0.00018
2024-08-26,-0.00589218,0.0034402,0.0028194,-0.00514411,-8.717e-05,0.00018
2024-08-27,-0.0009054,0.00412369,-0.00323709,-0.00229817,-0.00370392,0.00018
2024-08-28,0.00756165,0.00112948,-0.00212089,0.00344203,0.00623956,0.00018
2024-08-29,0.01185709,-0.00970074,-0.00349368,-0.00327293,-0.00222145,0.00018
2024-08-30,0.00827988,-0.00354796,0.00695236,-0.0046123,0.00194575,0.00018
2024-09-02,-0.00381087,0.00508738,0.00852096,0.00158071,-0.00271659,0.00018
2024-09-03,-0.00380038,0.0027898,-0.00390448,-0.00129489,-0.00288202,0.00018
2024-09-04,0.00966974,0.00211609,-0.00431326,0.00348408,0.00441397,0.00018
2024-09-05,-2.866e-05,0.00619522,0.00615924,0.00099862,0.00833667,0.00018
2024-09-06,-0.00262442,-0.00859578,0.00984183,-0.00371102,0.00498888,0.00018
2024-09-09,-0.0007361,0.00635296,0.00582871,-0.00055789,0.00848848,0.00018
2024-09-10,-0.0010103,-0.00339058,0.00082707,0.00099395,0.00241537,0.00018
2024-09-11,0.00801393,-0.0015021,0.00752536,-0.00065945,0.00371325,0.00018
2024-09-12,0.00270312,-0.00650115,-0.00789163,0.00190326,-0.00021754,0.00018
2024-09-13,0.01660032,0.0056289,-0.01541669,-0.00121219,-0.00348605,0.00018
2024-09-16,-0.01500398,0.00609112,0.01373625,0.00413328,0.01622892,0.00018
2024-09-17,0.00637078,-0.00094657,-0.00252535,-0.00178656,0.00348242,0.00018
2024-09-18,0.01339041,-0.00863322,-0.01184904,-0.00066857,0.00221497,0.00018
2024-09-19,0.00877949,-0.00296324,-0.00380081,-7.843e-05,-0.00124575,0.00018
2024-09-20,-0.00603515,0.00052398,0.0016417,0.0036157,0.00136859,0.00018
2024-09-23,0.00131648,-0.00530596,-0.00216541,-0.00620254,0.00022519,0.00018
2024-09-24,-0.01986288,-0.00280664,0.01121155,-0.00296521,0.00472776,0.00018
2024-09-25,-0.00349465,0.00398378,-0.00653534,-0.00157332,-0.00408843,0.00018
2024-09-26,-0.00592324,-0.00160921,0.01193525,-0.00237739,0.00971623,0.00018
2024-09-27,0.00453532,0.00030508,-0.00988684,-0.00368302,-0.0076306,0.00018
2024-09-30,-0.0087741,0.00189099,-0.00716242,0.00546117,0.00028831,0.00018
2024-10-01,0.00153894,-0.01206541,0.00422605,0.00257757,0.00239321,0.00018
2024-10-02,-0.00911845,0.00222727,0.00144894,-0.00235209,0.00057401,0.00018
2024-10-03,-0.00256857,-0.00160491,0.00502376,-0.00434707,0.00333493,0.00018
2024-10-04,-0.00391868,-0.00347638,-0.00050872,0.00218777,0.00225193,0.00018
2024-10-07,-0.0097523,-0.0069301,0.00266212,0.00239668,-0.00485693,0.00018
2024-10-08,-0.01020181,-0.00115519,0.00172713,-0.00399554,0.00798507,0.00018
2024-10-09,-0.0049099,0.00070657,-0.00110307,-0.00196679,-0.00840188,0.00018
2024-10-10,0.01065428,0.00215454,-0.00146765,-0.00854906,0.0026218,0.00018
2024-10-11,-0.01004529,-0.00142514,0.0044015,-0.0018143,-0.00057854,0.00018
2024-10-14,-0.00625205,-0.00542906,0.00094124,0.00146469,0.00648725,0.00018
2024-10-15,0.00846973,-0.00480185,0.00818752,0.00377191,0.00569571,0.00018
2024-10-16,-0.00142979,-0.00269577,0.00385984,0.00407868,0.00510693,0.00018
2024-10-17,0.00416271,0.00095222,-0.00103991,-0.00658207,-0.00131123,0.00018
2024-10-18,0.00940862,0.0044237,0.00668982,0.00049748,0.00401551,0.00018
2024-10-21,0.00117523,-0.00447366,-0.00369603,0.00088709,0.00067092,0.00018
2024-10-22,0.00803209,-0.00785695,0.00207444,0.00168572,0.00435005,0.00018
2024-10-23,0.00436011,0.007951,-0.0075998,0.00320661,-0.00623835,0.00018
2024-10-24,-0.00625366,0.00060525,0.00394114,-0.00360046,0.00168867,0.00018
2024-10-25,-0.00467035,-0.01026392,-0.00301592,0.00258278,-0.00051699,0.00018
2024-10-28,0.00338542,-0.00191337,0.00553372,0.00036309,0.00370203,0.00018
2024-10-29,-0.0038722,0.00495694,-0.00288943,-0.00204811,-0.00206206,0.00018
2024-10-30,0.00639891,0.00367579,-0.00127869,-0.00195956,0.0001727,0.00018
2024-10-31,-0.01239346,0.00420887,-0.00273306,0.00213159,-0.00641832,0.00018
2024-11-01,-0.00398295,-0.011313,0.00176148,-0.00133087,0.00527873,0.00018
2024-11-04,-0.00482234,0.00700013,-0.00466894,-0.00102612,-0.00160878,0.00018
2024-11-05,-0.00269767,0.00494182,-0.00321564,0.00208047,-0.00347068,0.00018
2024-11-06,-0.00308657,-0.01047458,0.01118027,0.00207421,0.00475222,0.00018
2024-11-07,-0.00467057,-0.00193253,-0.0066614,0.00626371,-0.00045083,0.00018
2024-11-08,-0.00813986,-0.00141989,0.00688618,0.00443219,0.00010752,0.00018
2024-11-11,0.00698074,-0.00073033,-0.00742506,0.00667089,-0.00889179,0.00018
2024-11-12,-0.0041513,0.00073366,-0.00574037,-4.3e-05,-0.00815744,0.00018
2024-11-13,-0.00768798,-0.00035031,0.00581223,0.00289871,-0.00509565,0.00018
2024-11-14,0.01426759,0.00112267,-0.01613821,0.00430527,-0.00696823,0.00018
2024-11-15,-0.0003011,0.00434417,0.00585556,-0.00219638,0.00084154,0.00018
2024-11-18,0.01412202,-0.01094155,0.00078529,-0.00292075,0.0005224,0.00018
2024-11-19,0.0008012,0.00237862,-0.00823043,0.00481633,0.00077692,0.00018
2024-11-20,-0.00131625,-0.00814056,-0.00217372,0.00238834,-0.00372492,0.00018
2024-11-21,0.00483185,0.00165757,0.00228967,0.00068999,-0.00174983,0.00018
2024-11-22,0.01394224,0.00076098,0.00142691,0.00446805,0.00283395,0.00018
2024-11-25,0.00840873,0.00323782,-0.00015736,0.0069582,0.00267388,0.00018
2024-11-26,-0.01728923,0.00118898,0.0029356,-0.00304254,0.01197661,0.00018
2024-11-27,-0.0018891,-0.00945233,0.00538589,0.00621364,0.00918031,0.00018
2024-11-28,0.01219488,-0.00149772,0.00482984,-0.00206904,0.00967245,0.00018
2024-11-29,-0.00185785,-0.00831449,-0.00487318,-0.00179884,-0.0052573,0.00018
2024-12-02,0.01528284,0.00444321,-0.00452323,0.01262852,-0.00140785,0.00018
2024-12-03,-0.01202865,-0.0041781,-0.00864071,-0.00322526,-0.00094584,0.00018
2024-12-04,0.00908871,-0.00633021,0.00288172,0.00525979,0.00252431,0.00018
2024-12-05,-0.01089111,-0.00212542,-0.00901172,-0.00337892,-0.00054832,0.00018
2024-12-06,0.00023278,-0.00401457,-0.00058882,-0.00040541,-0.00307573,0.00018
2024-12-09,0.00018117,0.00440051,-0.008491,-0.00726383,-0.00277951,0.00018
2024-12-10,-0.01584531,0.00258291,-6.805e-05,0.00476136,0.00446805,0.00018
2024-12-11,0.00505975,-0.0008096,0.00333363,-0.00189273,0.00472526,0.00018
2024-12-12,-0.00568459,0.00525588,0.01335452,0.00036586,0.00983502,0.00018
2024-12-13,-0.01326725,0.01442745,0.00576686,-0.00137469,0.00113319,0.00018
2024-12-16,-0.00123449,-0.00355534,0.00433625,0.00491549,0.00263619,0.00018
2024-12-17,0.00338138,-7.012e-05,0.00528177,-0.00177546,0.00632507,0.00018
2024-12-18,-0.00415226,-0.00469587,0.00420925,-0.00075203,-0.00396424,0.00018
2024-12-19,-0.00329641,0.00426142,0.01140747,-0.00226538,0.00045273,0.00018
2024-12-20,-0.00802114,0.00590307,-0.00211996,-0.00184271,0.00189209,0.00018
2024-12-23,-0.0134161,-0.00640062,-0.00826675,0.00152465,0.00500472,0.00018
2024-12-24,0.00363485,0.00514233,-0.00247036,-0.00803846,-0.00707955,0.00018
2024-12-25,0.00878764,-0.00159041,0.00196924,0.00315133,0.00145268,0.00018
2024-12-26,0.00690388,-0.00752376,-0.00213642,0.00176612,-0.00196716,0.00018
2024-12-27,-0.00505356,-0.00524346,0.00056649,-0.00444008,0.00058453,0.00018
2024-12-30,-0.00383767,-0.00320249,0.00416713,-0.00195367,-0.0004038,0.00018
2024-12-31,-0.00237511,0.00056041,-0.00281036,0.00025453,0.00296132,0.00018
2025-01-01,-0.00734173,0.00177306,-0.00464108,0.00240287,-0.0088891,0.00018
2025-01-02,0.00119795,-0.00291173,0.0067512,0.00406299,0.00435155,0.00018
2025-01-03,0.00306069,-0.00318384,-0.00017812,-6.547e-05,0.00029602,0.00018
2025-01-06,0.00228826,-0.00034607,-0.00151556,-0.00030871,0.0072141,0.00018
2025-01-07,-0.00045586,-0.01082179,0.00238285,-0.00177199,0.00166019,0.00018
2025-01-08,0.00167177,-0.00301557,-0.00349042,0.00180487,-0.00151069,0.00018
2025-01-09,-0.00424813,0.00398814,-0.00381209,0.0015135,0.00249897,0.00018
2025-01-10,0.00067224,0.00859219,0.003871,0.00331002,-0.0039058,0.00018
2025-01-13,0.00610472,-0.00325905,0.00874461,0.00169746,0.01285166,0.00018
2025-01-14,0.0065518,-0.00378609,-0.00335175,0.00425997,0.00014839,0.00018
2025-01-15,0.00640767,-0.00860929,-0.00275946,0.00420409,0.00035179,0.00018
2025-01-16,0.00048494,-0.00930572,-0.002893,-0.00106453,-0.00178349,0.00018
2025-01-17,0.00488707,0.00299285,0.00098245,9.639e-05,0.00390522,0.00018
2025-01-20,-0.00390705,-0.00462926,-0.0107202,-0.00024067,0.00142227,0.00018
2025-01-21,-0.01311425,-0.0007679,-0.00237785,0.00044885,-0.00303246,0.00018
2025-01-22,-0.0068448,-0.00060679,0.00922356,0.0010748,0.00809627,0.00018
2025-01-23,-0.00226405,-0.00383775,-0.00020883,0.00011551,-0.00719561,0.00018
2025-01-24,0.00703932,-0.0026391,0.00187926,0.00490418,-0.00195381,0.00018
2025-01-27,-0.00252347,-0.00494519,0.00438293,6.347e-05,0.00854465,0.00018
2025-01-28,-0.00927046,-0.00049256,-0.00025285,-0.00825636,-0.00422163,0.00018
2025-01-29,0.00313568,0.00116722,0.00289248,0.001991,0.0003248,0.00018
2025-01-30,-0.00723324,0.00091217,0.00488509,-0.00314724,0.00440398,0.00018
2025-01-31,-0.00127398,0.00731378,-0.00094901,-0.00106654,-0.00527101,0.00018
2025-02-03,0.01352262,-0.00389873,-0.00291739,-0.00373305,-0.0067881,0.00018
2025-02-04,0.00828346,-0.00166489,-0.00296517,0.00176874,-0.00689705,0.00018
2025-02-05,-0.00507147,-0.00315073,-0.00465369,-0.00130101,-0.00253249,0.00018
2025-02-06,0.00113248,-0.00215307,0.0024219,-0.00441509,0.00250527,0.00018
2025-02-07,0.00107532,0.00406097,0.00648035,-0.00421303,-0.00280447,0.00018
2025-02-10,0.00170613,-0.00310667,-0.01033303,-0.00374848,0.00207574,0.00018
2025-02-11,0.01258863,-0.00186211,0.00010908,0.00264912,-0.00547149,0.00018
2025-02-12,0.00533368,0.00118164,0.00422686,-0.00118511,0.00696446,0.00018
2025-02-13,0.00492381,-2.19e-05,-0.00047223,0.00347274,-0.00284974,0.00018
2025-02-14,0.00375459,-0.00278532,0.00283167,0.00094409,-0.00371472,0.00018
2025-02-17,-0.00197383,-0.00558336,0.00535118,-0.00024915,0.00615412,0.00018
2025-02-18,0.00775198,-0.00317685,-0.0036499,0.00747606,-0.0036643,0.00018
2025-02-19,0.00174979,-0.0084996,-0.00108856,0.00483743,0.00465041,0.00018
2025-02-20,-0.0083132,-0.00864785,-0.00327884,-0.00438347,-0.00405698,0.00018
2025-02-21,0.00432517,0.00025416,-0.00883896,0.00028879,-0.00072357,0.00018
2025-02-24,-0.01077762,-0.00159982,-0.00354983,-0.00267152,-0.0002319,0.00018
2025-02-25,-0.00797388,0.00506924,0.00278393,-0.00770628,0.01284146,0.00018
2025-02-26,0.00904595,0.00148451,-0.00463234,0.00246066,-0.00182489,0.00018
2025-02-27,0.00083507,-0.00155608,-0.00126729,-0.00139457,0.00055719,0.00018
2025-02-28,0.00510039,-0.00197803,0.00059352,0.00141122,-0.00057771,0.00018
2025-03-03,-0.00297785,-0.00235332,0.00398969,0.00398555,0.01054746,0.00018
2025-03-04,0.01057445,-0.00695942,0.00247957,0.00312685,0.00638143,0.00018
2025-03-05,0.00454035,-0.00119392,-0.00454243,0.0011626,-0.00293688,0.00018
2025-03-06,0.00769067,0.0010823,-0.00452433,0.00375817,-0.00112055,0.00018
2025-03-07,0.00530501,-0.00339458,0.00382102,0.00589405,-0.00668779,0.00018
2025-03-10,-0.00373151,0.00199911,0.00497138,-0.00099848,0.00212782,0.00018
2025-03-11,-0.00403308,-0.00512587,-0.00308967,4.623e-05,-0.00081985,0.00018
2025-03-12,-0.00529968,0.00285695,-0.00564444,0.0061296,-0.00470678,0.00018
2025-03-13,-0.01035638,0.0065423,0.00474136,0.00314079,0.00313392,0.00018
2025-03-14,-0.00863381,-0.00128135,0.00472202,-0.00211972,0.00230426,0.00018
2025-03-17,-0.01099959,-0.0008009,0.00018041,-0.00162458,0.00221663,0.00018
2025-03-18,0.0028045,-0.00409273,-0.00580349,-0.00408285,-0.0002809,0.00018
2025-03-19,-8.075e-05,-0.00265778,0.00254214,-0.00257456,-0.00493494,0.00018
2025-03-20,0.00723684,-0.00583601,-0.00454195,-0.00240482,-0.00221358,0.00018
2025-03-21,0.0039962,-0.00189796,0.00488447,-0.00168866,0.00056711,0.00018
2025-03-24,-0.01653112,0.00270743,0.00431305,-0.00300326,0.00430465,0.00018
2025-03-25,-0.00352309,0.00837888,-0.0113847,-0.00106244,-0.00662981,0.00018
2025-03-26,0.0019577,0.00188384,-0.0023725,-0.00109033,-0.00040394,0.00018
2025-03-27,0.0106363,-0.00478197,0.00321169,0.00015497,0.00380382,0.00018
2025-03-28,0.00510544,-0.00324964,-0.00055335,-8.652e-05,0.00027585,0.00018
2025-03-31,-0.00582155,-0.00198535,-0.00429084,-0.00641238,-0.00171047,0.00018
2025-04-01,0.0045553,-0.00672502,0.00282924,0.0018738,0.01117743,0.00018
2025-04-02,-0.00462959,0.00119049,0.0014482,0.00443237,-0.00281467,0.00018
2025-04-03,0.00087412,-0.00040571,-0.00068355,0.00420427,-0.001024,0.00018
2025-04-04,-0.00080061,0.00317476,-0.00415217,-0.00051749,-0.00385701,0.00018
2025-04-07,-0.00602838,-0.00375081,-0.00079187,0.00569662,0.0032941,0.00018
2025-04-08,0.01198369,0.00355161,0.00219175,0.0025793,-0.00440973,0.00018
2025-04-09,-0.00252809,0.00357996,-0.01371823,-0.00829779,-0.00760545,0.00018
2025-04-10,-0.00033486,0.00339117,-0.00213293,-0.00116153,-0.00061936,0.00018
2025-04-11,0.01953822,-0.0048456,-0.00757477,0.00449558,-0.0024306,0.00018
2025-04-14,-0.00768228,0.00657234,-0.00040329,-0.00562756,0.00374025,0.00018
2025-04-15,-0.00911047,0.00387342,0.00359617,0.00332814,0.00465362,0.00018
2025-04-16,0.00819166,0.00326759,0.00535921,0.00267519,0.00044308,0.00018
2025-04-17,-0.00713465,0.00309395,-0.00345515,-0.00174325,-0.00224277,0.00018
2025-04-18,-0.00111337,-0.00177977,0.01002226,-0.00107306,0.00234143,0.00018
2025-04-21,-0.00754781,0.00358399,-0.00585708,-0.00046765,-0.00713747,0.00018
2025-04-22,0.0044121,-0.00233511,-0.00268443,-0.00970731,-0.00086981,0.00018
2025-04-23,-0.00590282,-0.0086639,0.00570044,-0.00223999,0.00312888,0.00018
2025-04-24,-0.00521189,0.00188205,-0.00114894,-0.00143166,0.00062313,0.00018
2025-04-25,0.00924921,0.00755067,-0.00082983,-0.00183039,-0.00438426,0.00018
2025-04-28,0.01492681,-0.00212124,-0.00583669,-0.00259825,-0.00331633,0.00018
2025-04-29,-0.00233678,-0.00100143,0.00585607,0.00374009,0.00228075,0.00018
2025-04-30,-0.00366227,0.00064506,-0.001177,-0.0013619,0.00600127,0.00018
2025-05-01,-0.00364141,-0.01144878,-0.00654711,0.00153598,-0.0052773,0.00018
2025-05-02,0.01328055,-0.00623513,0.00297756,-0.00127829,-0.00382812,0.00018
2025-05-05,-0.01227713,-0.00140382,0.01072859,0.00100815,0.00421472,0.00018
2025-05-06,0.00200672,-0.00318077,-0.01264176,-0.00347516,-0.0026445,0.00018
2025-05-07,-0.02408736,0.00270593,0.00180692,0.00318607,-0.00369624,0.00018
2025-05-08,0.0071269,-0.00257732,-0.00500134,-0.00022957,0.00247042,0.00018
2025-05-09,0.01126716,0.00105216,0.00063818,0.00375631,-0.0021186,0.00018
2025-05-12,0.0055873,0.00545615,-0.0092655,0.00621123,-0.00297422,0.00018
2025-05-13,-7.814e-05,-0.00185844,0.00518099,-0.00039708,0.00210163,0.00018
2025-05-14,0.00352758,0.00283108,-0.00988916,-0.00434816,-0.00405004,0.00018
2025-05-15,-0.00586608,1.917e-05,0.00360005,-0.00132914,0.01043545,0.00018
2025-05-16,-0.001039,0.00563644,0.00512528,-0.00189966,0.00283078,0.00018
2025-05-19,-0.01813192,-0.00546702,-0.00215981,-0.00048333,-0.00681229,0.00018
2025-05-20,0.00360135,-0.00304341,0.00286506,0.00418354,0.00065255,0.00018
2025-05-21,-0.00552097,-0.00023489,-0.00037427,-0.00087024,0.00153433,0.00018
2025-05-22,-0.00584317,0.00694665,0.00578713,-0.00294454,0.00068033,0.00018
2025-05-23,0.00584734,-0.00285208,-0.00195155,-0.00073081,-0.00783972,0.00018
2025-05-26,0.01254918,-0.00501673,0.00309832,0.00266778,0.0007423,0.00018
2025-05-27,0.00631746,-0.00490741,0.00312671,-0.00436165,0.00364914,0.00018
2025-05-28,0.00287181,-0.00530259,-0.01444025,-0.00053143,-0.00860155,0.00018
2025-05-29,0.01132014,0.0040128,0.00091739,-0.00488391,-0.00089351,0.00018
2025-05-30,0.00491423,0.0020602,0.00666327,-0.00039228,0.00683644,0.00018
2025-06-02,0.00813361,-0.00506263,-0.0043736,0.00081989,-0.00581543,0.00018
2025-06-03,-0.0119935,0.00483553,0.00300013,-0.00171253,0.00492048,0.00018
2025-06-04,-0.00123071,0.00056405,0.00208214,-0.00523983,0.00554037,0.00018
2025-06-05,-0.00497395,-0.00770074,0.00141145,-0.00264752,0.00366965,0.00018
2025-06-06,-0.0005646,0.00331454,-0.00100947,0.00300819,-0.00034631,0.00018
2025-06-09,0.00136755,-0.00295517,0.00673546,-0.00052371,0.01128406,0.00018
2025-06-10,0.00872894,-0.00166338,-0.00083072,0.000651,-0.00479779,0.00018
2025-06-11,-0.0052801,0.00490899,-0.00558146,0.00123513,-0.00635624,0.00018
2025-06-12,-0.00788762,0.00158754,0.00546928,0.00252885,0.00415442,0.00018
2025-06-13,-0.01225792,0.00089857,-0.00119829,-0.00520715,0.00030485,0.00018
2025-06-16,0.01734515,0.00140524,0.0004744,0.00101625,0.0024474,0.00018
2025-06-17,0.00992162,-0.00279247,-0.00257357,0.00282056,-0.00549469,0.00018
2025-06-18,-0.00661459,-0.00478511,-0.0036354,-0.00112548,0.00326551,0.00018
2025-06-19,-0.00126803,0.00512748,-0.00089053,-0.00532949,0.01294908,0.00018
2025-06-20,0.00126221,-0.00485142,0.00399212,-0.00016268,0.00399061,0.00018
2025-06-23,-0.00131074,-0.0072143,0.0042874,-0.00702789,0.0062911,0.00018
2025-06-24,0.00274394,-0.00823297,-0.00588672,-0.00316549,-0.00903508,0.00018
2025-06-25,0.01555975,-0.00919979,-0.00556463,0.0001349,-0.00217373,0.00018
2025-06-26,-0.00621341,-0.00110259,-0.00845427,-0.00154455,-0.00593922,0.00018
2025-06-27,0.00346942,-0.00154878,-0.00340645,0.00258709,-0.00688512,0.00018
2025-06-30,-0.00017338,-0.00115842,6.711e-05,0.00454676,0.00249242,0.00018
2025-07-01,0.00766903,-0.00201642,-0.00410679,-0.00238728,-0.01217869,0.00018
2025-07-02,-0.00237499,-0.00023113,-0.01101568,0.00043848,-0.00166072,0.00018
2025-07-03,-0.00350035,-0.00409953,-0.00247675,-0.00179727,-9.445e-05,0.00018
2025-07-04,0.00095549,-0.00205213,0.00334089,0.00073805,0.00412448,0.00018
2025-07-07,5.116e-05,-0.00523956,0.00782876,-0.00273902,0.00633081,0.00018
2025-07-08,0.00253057,0.00226952,0.00549268,0.0009846,0.00702277,0.00018
2025-07-09,-0.00484703,0.00796003,0.00553562,-0.00157918,0.00078783,0.00018
2025-07-10,0.00178898,-0.00575007,0.00345856,0.00096305,-0.00265551,0.00018
2025-07-11,-0.00413008,-0.0014957,-0.00609565,0.00110402,-0.00083129,0.00018
2025-07-14,-0.00217596,-0.00041282,-0.00439674,-0.00567306,-0.00432445,0.00018
2025-07-15,0.01335157,-0.00376741,-0.00559698,0.00177456,-0.00088057,0.00018
2025-07-16,-0.01715931,-0.00279909,-0.00405981,-0.00032526,0.00101515,0.00018
2025-07-17,-0.00393087,0.00136434,0.00564773,-0.00220697,0.00558493,0.00018
2025-07-18,-0.00924087,-0.00990596,0.00901615,-0.00423124,0.00730437,0.00018
2025-07-21,0.00505931,-0.00285892,-0.00222079,-0.0013079,0.00463152,0.00018
2025-07-22,-0.01478253,-0.00318708,-0.0064119,-0.00260506,-0.00045098,0.00018
2025-07-23,0.00547499,-0.00434217,-0.00633595,-0.00561142,-0.00153656,0.00018
2025-07-24,-0.00708791,0.0012706,0.00308762,-0.00758469,-0.00510566,0.00018
2025-07-25,-0.02154526,-0.00458794,0.00514351,-0.00181916,0.00688298,0.00018
2025-07-28,-0.0394646,-0.00044241,0.01339513,-0.00204295,0.01127215,0.00018
2025-07-29,0.00214049,0.00153072,-0.00391249,0.00187939,0.00276844,0.00018
2025-07-30,-0.00269534,0.00391713,-0.00083195,0.00223968,-0.00681696,0.00018
2025-07-31,-0.00454595,0.00671485,-5.998e-05,0.00272193,-0.0008384,0.00018
2025-08-01,-0.03470135,0.00648193,-0.00103773,0.00142534,0.00085636,0.00018
2025-08-04,0.02373919,-0.00066147,1.199e-05,0.00440981,0.0047853,0.00018
2025-08-05,-0.00174711,-0.00063363,-0.00425898,0.00079269,-0.00194678,0.00018
2025-08-06,0.00186339,0.00785606,-0.0061478,-0.00255643,-0.00657551,0.00018
2025-08-07,-0.02717988,-0.00194734,0.00453818,0.00119447,0.0103051,0.00018
2025-08-08,-0.01438914,-0.0003592,-0.00066517,-0.00107437,0.00127889,0.00018
2025-08-11,0.01245228,0.00695379,-0.00706381,0.00802524,-0.00915168,0.00018
2025-08-12,-0.00526125,-0.00316274,0.00233768,-0.00101827,-0.00254965,0.00018
2025-08-13,0.02654323,-0.00954159,0.00039771,-0.00151111,-0.00666247,0.00018
2025-08-14,0.0052342,0.00181972,-0.00218802,-0.00763376,-0.00089544,0.00018
2025-08-15,-0.00656168,-0.00138567,0.0035776,-0.00532649,-0.0040349,0.00018
2025-08-18,0.02077963,-0.00375936,0.00494106,-0.00022963,0.00250574,0.00018
2025-08-19,0.00323242,-0.0030949,0.00044419,0.00035207,0.00705195,0.00018
2025-08-20,0.00652797,-0.00224978,-0.00624065,0.0019173,-0.00221378,0.00018
2025-08-21,0.01313621,-0.00319013,-0.0072953,-0.00568529,-0.00136199,0.00018
2025-08-22,0.00956543,-0.00370482,-0.00515309,0.00423661,-0.00033146,0.00018
2025-08-25,0.00213882,-0.00477629,0.00356588,0.00147787,0.00225981,0.00018
2025-08-26,0.0050692,-0.00540239,0.00655178,-0.00311904,0.00796086,0.00018
2025-08-27,0.0058609,0.01013774,-0.00245817,0.00460821,-0.00432484,0.00018
2025-08-28,-0.00638482,0.00362176,-0.00618145,-0.00346472,0.004313,0.00018
2025-08-29,-0.0072413,0.00119306,0.00430826,-0.00254306,0.00042067,0.00018
2025-09-01,-0.0122484,-0.00839354,0.00546551,-0.00264602,0.00055872,0.00018
2025-09-02,0.00358818,-0.00525,0.00134142,-0.00164601,-0.00164294,0.00018
2025-09-03,0.0032441,-0.0134484,-0.00092686,0.00273444,0.00164077,0.00018
2025-09-04,0.00325168,-0.00473572,-0.00807359,-0.00414592,-0.00106927,0.00018
2025-09-05,0.00456684,0.00706312,0.00085508,0.00235834,0.00229561,0.00018
2025-09-08,-0.00607111,-0.01198692,0.00218177,0.00026553,0.00124391,0.00018
2025-09-09,0.00134168,-0.00045849,-0.00291087,-0.00398795,0.00054388,0.00018
2025-09-10,0.00624008,-0.00095445,0.00179916,0.00415899,0.00226587,0.00018
2025-09-11,-0.00855577,0.00248149,-0.00013781,-0.00352544,-0.00527227,0.00018
2025-09-12,0.00283286,-0.00161053,-0.00642462,-5.285e-05,-0.00594207,0.00018
2025-09-15,0.00070075,-0.00013152,0.00453628,-0.00177647,0.0017118,0.00018
2025-09-16,0.00407206,0.00215192,0.00818188,0.00619536,0.01315064,0.00018
2025-09-17,-0.00912249,0.00078147,-0.00044436,-0.00806681,-0.00090589,0.00018
2025-09-18,0.00554198,-0.00655254,-0.00103857,0.00291227,0.00017803,0.00018
2025-09-19,-0.01786204,0.00734527,0.00592637,0.00667454,-0.00216559,0.00018
2025-09-22,0.01162856,-0.0064409,0.00255378,0.00051668,-0.00407907,0.00018
2025-09-23,-0.00553636,-0.00018558,0.00015261,-0.0029139,-0.00383661,0.00018
2025-09-24,-0.00501844,-0.00184564,-0.01324882,0.00245313,-0.00241039,0.00018
2025-09-25,0.01020756,0.00190921,-0.0023424,0.00087409,-0.00032158,0.00018
2025-09-26,0.00122261,-0.00626798,-0.00883639,0.00095273,-0.0041795,0.00018
2025-09-29,0.00013188,-0.00355761,0.00227118,-0.00156117,0.00022836,0.00018
2025-09-30,0.0001068,-0.00075917,0.00086042,0.00144636,-0.00251489,0.00018
2025-10-01,-0.0062173,0.00796029,0.00042502,-0.00562218,-0.00386122,0.00018
2025-10-02,-0.00094943,0.00497401,-0.00132431,0.00261258,-0.00169835,0.00018
2025-10-03,-0.00274441,-0.00218434,-0.00030433,0.00370145,0.00710336,0.00018
2025-10-06,0.01305609,-0.00510672,-0.00689866,-0.00311365,-0.00152983,0.00018
2025-10-07,0.00985322,0.00210476,-0.00225457,0.00585759,-0.00340177,0.00018
2025-10-08,0.01038176,-0.00296571,-0.00815837,0.00086094,-0.01047242,0.00018
2025-10-09,0.00248838,0.00380348,-0.00336311,-0.00076963,0.00241329,0.00018
2025-10-10,0.0152856,0.00035623,-0.00864879,0.00115771,-0.00135976,0.00018
2025-10-13,0.00128383,0.00372049,-0.0035211,0.00011659,-0.00951837,0.00018
2025-10-14,-0.00656955,0.0016528,-0.00358468,0.00054699,-0.00394537,0.00018
2025-10-15,0.00011292,-0.00159521,-0.00220484,-0.00318222,0.00378795,0.00018
2025-10-16,0.00364131,-0.00213788,-0.00139255,0.00355011,0.00183031,0.00018
2025-10-17,-0.00535961,-0.00729791,-0.01092186,0.0009189,-0.00259186,0.00018
2025-10-20,-0.00232,0.00300322,-0.00512877,-0.00382258,0.00098369,0.00018
2025-10-21,0.0091943,0.00100276,-0.00226862,-0.00450686,0.00114171,0.00018
2025-10-22,0.00459786,0.00421146,0.01078968,0.00159798,0.00943108,0.00018
2025-10-23,-0.00819533,0.0008513,-0.00059127,0.00042893,-0.00355599,0.00018
2025-10-24,0.00401316,0.00133891,0.00290682,-0.00189448,0.00664033,0.00018
2025-10-27,0.0130005,0.00047862,0.00446357,-0.00484218,0.00156744,0.00018
2025-10-28,-0.01177927,0.00121387,0.00529787,0.00264369,0.00130747,0.00018
2025-10-29,0.00386532,-0.00265947,-0.00719271,-0.002003,-0.00685705,0.00018
2025-10-30,0.0031268,0.00370203,-0.00773022,0.00217428,-0.0032597,0.00018
2025-10-31,-0.00063478,-0.00297632,0.00297387,0.00167056,0.00272784,0.00018
2025-11-03,0.01288399,-0.00689817,0.00062718,0.00188415,0.00325357,0.00018
2025-11-04,0.00957131,0.00232239,-0.0010961,0.00120341,0.00149347,0.00018
2025-11-05,0.01446794,-0.00516907,0.00098718,0.00108483,0.00223809,0.00018
2025-11-06,0.00959711,0.00084205,-0.00235544,0.00668908,0.00571311,0.00018
2025-11-07,-0.00688881,0.00503234,0.00106069,-0.00031529,0.00569697,0.00018
2025-11-10,-2.624e-05,0.00150887,0.00078876,-0.00093384,-0.00049577,0.00018
2025-11-11,0.0061096,-0.00732772,-0.00480731,-0.00395895,-0.00348842,0.00018
2025-11-12,0.00375469,-0.00091663,0.00870888,0.00331235,0.00847893,0.00018
2025-11-13,-0.00212904,0.00052129,-0.01008324,-5.883e-05,-0.00454369,0.00018
2025-11-14,-4.603e-05,-0.00252215,0.00086879,0.0022106,0.00148021,0.00018
2025-11-17,-0.00634253,-0.00055745,0.00217285,-0.00614252,0.00505617,0.00018
2025-11-18,-0.00225779,-0.00097059,-0.00363614,-0.00380956,0.00269131,0.00018
2025-11-19,0.00684419,-0.0065505,-0.00437815,0.00610909,-0.00129939,0.00018
2025-11-20,-0.02168455,-0.00886564,0.00177377,0.00203902,0.0020858,0.00018
2025-11-21,-0.00134663,-0.00027171,-0.00631681,-0.00247723,0.00099944,0.00018
2025-11-24,0.00547169,-0.00655403,-0.00473086,-0.00323102,0.00390876,0.00018
2025-11-25,0.00691023,-0.00346032,0.00254845,0.00374223,-0.00075958,0.00018
2025-11-26,-0.00343005,0.00600989,-0.00632085,-0.00071011,-0.00690766,0.00018
2025-11-27,-0.00310905,0.00521973,0.00706548,-0.00304611,0.00547976,0.00018
2025-11-28,0.00375612,-0.00340338,-0.00564222,-0.00564586,-0.00524352,0.00018
2025-12-01,0.0130604,-0.00541954,0.0019864,-0.00414247,0.0049407,0.00018
2025-12-02,-0.01566018,0.00124022,-0.00516076,-0.00312205,0.00012503,0.00018
2025-12-03,0.04167388,-0.0101648,-0.00810836,0.00266826,-0.00794654,0.00018
2025-12-04,0.00872403,0.0078074,0.00157516,0.00250858,-0.00165907,0.00018
2025-12-05,-0.01036718,-0.00827138,-0.00599103,-0.00291616,0.00334638,0.00018
2025-12-08,-0.00095336,-0.00512004,-0.00281071,-0.00135581,-0.00095284,0.00018
2025-12-09,-0.01629829,-0.00321208,-0.00444319,-0.00647905,-0.00574428,0.00018
2025-12-10,0.00506536,-0.0014437,0.00128724,-0.00132438,0.00454765,0.00018
2025-12-11,0.01952493,0.00095557,-0.00943529,0.00264205,-0.00544273,0.00018
2025-12-12,-0.00313982,0.00204599,-0.002468,-0.00523746,0.00371122,0.00018
2025-12-15,0.00756697,-0.00614568,0.00634,-0.004246,0.00420821,0.00018
2025-12-16,-0.00106805,-0.00129004,-0.00107411,-0.00530013,0.00239666,0.00018
2025-12-17,0.00102279,0.00081715,-0.00344539,0.00355203,0.001972,0.00018
2025-12-18,-0.00683232,-0.00240592,0.00350647,0.00651986,-0.0005935,0.00018
2025-12-19,-0.00267758,-0.00266075,-0.00120179,-0.0100072,0.00205317,0.00018
2025-12-22,0.01271547,0.00568935,0.00213071,-0.00246441,-0.00051359,0.00018
2025-12-23,0.00321661,-0.00147237,-0.00520737,0.00290275,-0.00239653,0.00018
2025-12-24,-0.02198244,0.00581389,0.00073938,-0.00174479,-0.00555701,0.00018
2025-12-25,-0.04141589,0.00389752,-0.00851845,-0.00933966,-0.00558542,0.00018
2025-12-26,0.02666796,-0.00232121,0.00306621,0.00471143,0.00400203,0.00018
2025-12-29,0.00606318,-0.00184257,-0.00105894,-0.00040137,-0.00524946,0.00018
2025-12-30,-0.01129377,-0.00278477,0.00072142,0.00314938,-0.00289029,0.00018
2025-12-31,0.00128807,0.00312473,0.00090819,-0.00284173,-0.0004981,0.00018
2026-01-01,0.01489359,-0.00517332,-0.00093163,-0.00142094,-0.00710889,0.00018
2026-01-02,-0.00266143,0.00462218,0.00663221,0.00025399,0.00761017,0.00018
2026-01-05,-0.0068636,0.00634742,0.00126052,-0.00221007,0.00744121,0.00018
2026-01-06,1.064e-05,-0.00400633,-0.00012701,0.00464248,0.00251807,0.00018
2026-01-07,0.0138628,-0.00060136,0.00706199,-0.00019693,0.00245479,0.00018
2026-01-08,0.00032115,-0.00472195,0.00388666,-0.00153798,0.00464957,0.00018
2026-01-09,0.00465097,-0.00681703,-0.00489132,-0.00189973,-0.00179585,0.00018
2026-01-12,-0.00990699,0.00511535,-0.00776891,-0.0038239,-0.0012408,0.00018
2026-01-13,0.01235657,0.00151678,0.00265176,0.00159588,0.00155351,0.00018
2026-01-14,0.00671992,0.00044336,-0.00600612,0.00645914,-0.00101325,0.00018
2026-01-15,0.00021962,-0.00084636,-0.00941799,0.00432747,0.00136208,0.00018
2026-01-16,0.010257,0.01078953,-0.00221553,-0.00164347,-0.00281411,0.00018
2026-01-19,-0.0023855,-0.00150234,-0.01495226,0.00132694,-0.01110373,0.00018
2026-01-20,-0.00185878,0.00211885,0.00251856,-0.00438938,-0.0011485,0.00018
2026-01-21,0.00508176,-0.00336579,-0.00254793,-0.0001964,-0.00253379,0.00018
2026-01-22,-0.00904056,0.00415489,-0.00752868,0.00145807,-0.00077152,0.00018
2026-01-23,-0.0197038,-0.00407109,-0.00098261,-0.00115599,0.00015166,0.00018
2026-01-26,0.0207732,-0.00462916,-0.00411261,-0.00182035,-0.00462636,0.00018
2026-01-27,-0.00544238,0.0028287,0.00201151,-0.00407191,0.00019473,0.00018
2026-01-28,0.00850275,0.00202743,-0.00913958,0.0050854,-0.00032296,0.00018
2026-01-29,0.00893198,-0.00015596,0.00503589,0.00398491,-0.0004356,0.00018
2026-01-30,0.00965489,0.00032007,-0.01206021,0.00196537,-0.00330644,0.00018
2026-02-02,-0.00869961,-0.00355646,0.0019387,0.00404261,-0.00254458,0.00018
2026-02-03,0.00811298,0.00054318,0.00916508,-0.00565946,0.01169289,0.00018
2026-02-04,-0.01566183,0.00593424,0.00156216,0.00198065,0.00342467,0.00018
2026-02-05,0.01130709,0.002838,0.00377998,0.00288864,0.00658437,0.00018
2026-02-06,0.00190549,0.00180967,-0.00036365,0.00075919,-0.00212675,0.00018
2026-02-09,0.00103636,0.00171489,-0.00135691,0.00024691,0.00163611,0.00018
2026-02-10,-0.0023331,-0.00242134,0.00352326,-0.00065319,-0.00469262,0.00018
2026-02-11,0.01328128,-0.00094897,-0.00636512,0.00524902,-0.00245356,0.00018
2026-02-12,-0.00991476,0.00509235,0.0091771,0.0067739,0.00355359,0.00018
2026-02-13,0.02115202,0.00066293,0.00613521,0.00413382,0.00807161,0.00018
2026-02-16,-0.00289357,0.00158573,-0.00554289,-0.00444799,0.00038822,0.00018
2026-02-17,-0.00748379,0.00549101,0.00583333,0.00190584,0.00611671,0.00018
2026-02-18,-0.00191028,0.00152284,-0.00342245,-0.00116652,-0.00254351,0.00018
2026-02-19,0.01259001,-0.00383442,0.00606048,-0.00320361,0.00348781,0.00018
2026-02-20,0.00252711,-0.00279606,0.00493796,0.00195593,0.00581384,0.00018
2026-02-23,0.01368185,-0.00820708,-0.00356007,0.00132709,-0.00951846,0.00018
2026-02-24,0.00630164,-0.0036852,-0.00154574,0.00369832,-0.00785635,0.00018
2026-02-25,0.01555654,0.00611519,-0.00075142,-0.0022553,-0.00049805,0.00018
2026-02-26,0.00080924,-0.0034672,0.00468171,0.00387309,0.00375808,0.00018
2026-02-27,-0.00092461,-0.01047031,0.0033025,0.00149909,0.00301077,0.00018
2026-03-02,-0.013473,0.00341146,-0.01151762,0.00491254,-0.00848994,0.00018
2026-03-03,-0.00195483,-0.00085026,0.0067632,-0.00570061,0.00404643,0.00018
2026-03-04,-0.0012842,0.00691781,0.00371184,0.00033101,0.00061469,0.00018
2026-03-05,0.00568198,0.00256459,0.01034637,-0.00074317,0.00841589,0.00018
2026-03-06,0.01272251,0.00290509,0.00030905,-0.00075933,0.00356326,0.00018
2026-03-09,-0.00428709,0.00141817,0.00070296,-0.00350103,-0.00666287,0.00018
2026-03-10,-0.00357606,0.00443134,0.00786641,0.00519414,0.00791321,0.00018
2026-03-11,-0.00964951,0.00553676,-0.0020288,5.68e-06,-0.00306468,0.00018
2026-03-12,-0.02733325,-0.00098741,0.00455047,-0.00751545,0.00059606,0.00018
2026-03-13,-0.00013238,0.00397066,-0.00287575,-0.00075812,-0.00344404,0.00018
2026-03-16,0.02932358,0.00464255,0.00486238,0.00045958,0.00719172,0.00018
2026-03-17,-0.01070136,0.0084214,-0.00058511,-0.00503607,0.00795108,0.00018
2026-03-18,0.0016582,0.00132222,-0.00191,-0.00099384,-0.00239436,0.00018
2026-03-19,0.00974351,-0.00204418,-0.01419801,0.00406544,-0.00528256,0.00018
2026-03-20,-0.01210116,0.00631282,-0.00512571,0.00166523,0.00144252,0.00018
2026-03-23,-0.00370512,0.00058888,-0.0043184,0.00475104,-0.00180591,0.00018
2026-03-24,-0.01086452,0.00289939,-0.00302842,-0.00306163,0.00381272,0.00018
2026-03-25,0.00233442,-0.0001513,-0.00433259,0.00289888,-0.00707609,0.00018
2026-03-26,-0.00039968,0.00324747,0.00196317,-0.0015106,0.00559354,0.00018
2026-03-27,-0.00164706,-0.00727167,-0.00200081,-0.00069531,-0.00263899,0.00018
2026-03-30,-0.00286546,0.00080868,-0.00347937,-0.00130883,0.00388933,0.00018
2026-03-31,-0.00450937,0.00304372,0.00012134,0.00351277,-0.00421776,0.00018
2026-04-01,-0.00550986,-0.00126513,-0.00534178,-0.00840075,0.00338609,0.00018
2026-04-02,0.00786299,0.00334659,-0.00324273,-0.00020359,-0.00176848,0.00018
2026-04-03,-0.00675204,0.00082328,-0.00795555,0.00049831,0.00107934,0.00018
2026-04-06,-0.00446601,-0.00430328,-0.00901205,-0.00265732,-0.00982427,0.00018
2026-04-07,-0.00996772,-0.00388008,0.00020795,0.00292348,-3.799e-05,0.00018
2026-04-08,-0.0021539,-0.00587735,0.00516537,0.00835915,-0.01011794,0.00018
2026-04-09,-0.00283647,-0.00910063,-0.00172869,0.00604506,-0.00508667,0.00018
2026-04-10,-0.00341304,0.0075739,-0.00040515,-0.00603628,-0.00250271,0.00018
2026-04-13,0.00359181,-0.00883963,-0.00636087,0.00237278,-0.00053438,0.00018
2026-04-14,-0.00218679,0.00422012,0.00182621,0.00128761,0.00461398,0.00018
2026-04-15,0.01403363,-0.0049693,-0.00624335,0.00103113,0.0029301,0.00018
2026-04-16,-0.0084543,0.00192742,0.0074726,0.00535948,0.00535596,0.00018
2026-04-17,0.00634016,0.00314419,0.00361865,-0.0030849,0.00429596,0.00018
2026-04-20,-0.00672639,-0.00302019,0.00071545,0.00256198,-0.00141758,0.00018
2026-04-21,-0.01440856,0.0045667,-0.00068918,0.00772216,0.00298575,0.00018
2026-04-22,-0.01214429,0.01128205,0.00037858,-0.00372377,0.00259928,0.00018
2026-04-23,0.00588021,0.00269868,-0.00755307,0.00245449,0.0015413,0.00018
2026-04-24,0.01102017,0.00490889,-0.00660723,0.00612222,-0.00668968,0.00018
2026-04-27,-0.00719191,0.01481673,0.00355296,0.00119006,0.00146457,0.00018
2026-04-28,-0.00751724,0.00595847,-0.00596997,0.00111008,-0.00680703,0.00018
2026-04-29,0.00015035,-0.00048858,0.00081888,0.00404181,-0.00163143,0.00018
2026-04-30,-0.00566483,-0.00077919,-0.00381749,0.00664896,-0.00607981,0.00018
2026-05-01,0.00514001,0.00593413,0.0085162,-0.00011379,0.00460119,0.00018
2026-05-04,0.01126942,0.00523965,0.00950024,0.0024437,0.00577691,0.00018
2026-05-05,0.0034412,-0.00255624,0.00040302,0.00068877,0.00424895,0.00018
2026-05-06,-0.00267039,-0.00407934,-0.00460274,-0.00144693,-0.00018632,0.00018
2026-05-07,-0.01244319,0.00180642,-0.00497036,-0.00502914,-0.00585975,0.00018
2026-05-08,-0.00062507,0.00359645,-0.00301061,0.0011095,-0.00115292,0.00018
2026-05-11,0.00793554,-0.0009088,0.00038107,0.00175221,-0.00371311,0.00018
2026-05-12,-0.0115461,0.00163843,-0.00868265,-0.00129586,-0.00261325,0.00018
2026-05-13,0.01193591,-0.00524348,0.000821,0.00064241,0.00011428,0.00018
2026-05-14,0.00682382,-0.00339972,0.00754644,0.00182826,-0.00199409,0.00018
2026-05-15,-0.01763425,0.00530314,0.00132876,0.0008861,0.00164098,0.00018
2026-05-18,-0.01862633,-0.00034509,-0.01087028,-0.00478684,0.00176721,0.00018
2026-05-19,-0.00773684,0.00227191,-0.00363999,0.00279296,0.00632987,0.00018
2026-05-20,0.02056947,-0.0026506,-0.00421403,-0.00334968,-0.00093685,0.00018
2026-05-21,0.00527445,-0.00277731,0.00457395,0.00629193,0.0052183,0.00018
2026-05-22,-0.00904413,0.00130161,-0.00351341,-0.00259839,2.103e-05,0.00018
2026-05-25,0.00490884,0.00279266,0.00018264,-0.00337192,0.00252224,0.00018
2026-05-26,-0.02360746,-0.0023785,0.00684679,-0.00085221,0.004195,0.00018
2026-05-27,0.00015827,-0.00532755,-0.00294314,-0.00345931,0.00059458,0.00018
2026-05-28,-0.01621842,0.00013038,0.00010562,-0.00166678,0.0002867,0.00018
2026-05-29,0.0205281,-0.00615761,0.00077504,-0.00281852,-0.00115344,0.00018
2026-06-01,-0.03381928,0.00798031,0.00482824,-0.00056316,0.00108416,0.00018
2026-06-02,0.0038111,0.00086326,-0.00299995,0.00135498,-0.00616762,0.00018
2026-06-03,0.04077266,-0.00641872,-0.00327412,0.00017141,-0.00218358,0.00018
2026-06-04,-0.00099849,-0.00724236,-0.00027656,0.00132006,0.00460706,0.00018
2026-06-05,-0.00258948,-0.0011579,-0.00165643,0.00487712,0.00352022,0.00018
2026-06-08,0.00264123,0.00068779,0.00305193,-0.00537368,0.00098121,0.00018
2026-06-09,0.01121965,-0.0020039,-0.00191278,-0.00389385,-0.00176573,0.00018
2026-06-10,0.00758485,0.00369338,-0.0086077,2.95e-06,-0.00852554,0.00018
2026-06-11,-0.00223919,-0.00078897,0.00185218,0.00779207,0.00286375,0.00018
2026-06-12,-0.00538079,0.00199197,0.0050845,0.00094721,0.00160369,0.00018
2026-06-15,-0.00945284,-0.00257832,-0.00536554,0.00128311,-0.00662308,0.00018
2026-06-16,-0.00016208,-0.00527417,-0.00706093,-0.00259096,-0.0059604,0.00018
2026-06-17,-0.00555317,-0.00188692,0.00490661,0.00129596,0.00476507,0.00018
2026-06-18,0.00098836,-0.00196323,0.00440674,-0.00180105,0.00319073,0.00018
2026-06-19,-0.00200212,0.00534425,0.00761187,-0.0013856,0.00531149,0.00018
2026-06-22,-0.01260028,-0.00410092,-0.0050705,-0.00288075,0.00449531,0.00018
2026-06-23,-0.01122946,0.00117877,0.00526672,-0.00055676,0.00401123,0.00018
2026-06-24,-0.00762108,0.00079083,-0.00090774,-0.0006182,0.00576866,0.00018
2026-06-25,0.00025253,-0.00119931,-0.00376828,-0.00155702,-0.00013957,0.00018
2026-06-26,-0.00457069,0.00093982,-0.00118211,0.00491022,0.00256297,0.00018
2026-06-29,-0.00995083,-0.00225284,0.00013804,0.00410577,0.00727363,0.00018
2026-06-30,-0.00446802,0.00142393,-0.00532087,0.00314311,-0.0071215,0.00018
2026-07-01,-0.00598492,0.00491033,0.00458651,-0.0009273,0.00074752,0.00018
2026-07-02,0.01712506,-0.00271182,-0.00989567,-0.001793,-0.00650495,0.00018
2026-07-03,0.00871919,0.00212981,0.00082783,0.00388386,-0.0014795,0.00018
2026-07-06,-0.00199919,0.00787487,0.00165945,-0.00033572,0.00705803,0.00018
2026-07-07,-0.01090199,0.01073303,0.00488713,0.0014791,0.00540838,0.00018
2026-07-08,-0.00380348,0.00156726,-0.00315595,-0.00230184,-0.00085249,0.00018
2026-07-09,0.0030024,0.00285766,0.00193447,0.00277961,0.00693373,0.00018
2026-07-10,0.02474965,-0.00520011,0.00380896,0.00268407,0.00329217,0.00018
2026-07-13,-0.00089082,0.00033376,-0.00135593,-0.00299813,0.00231265,0.00018
2026-07-14,0.0234595,-0.00845011,-0.012584,-0.00100749,-0.00039804,0.00018
2026-07-15,0.01859847,-0.00126649,-0.00307207,-0.00604174,-0.0111025,0.00018
2026-07-16,-0.01783209,0.01487811,0.00629679,-0.00382197,-0.00056314,0.00018
2026-07-17,-0.03878105,0.00124726,0.00923792,-0.00568532,0.00022221,0.00018
2026-07-20,-0.01297352,0.00209793,0.00276511,-0.001035,-0.00073104,0.00018
2026-07-21,0.00711997,0.00323325,-0.00358137,-0.00025529,0.00514971,0.00018
2026-07-22,-0.0129147,0.00170325,0.00482868,0.00213247,0.00589458,0.00018
2026-07-23,0.00399971,-0.00518612,-0.00246505,0.00015461,-0.00777946,0.00018
2026-07-24,0.00911385,0.00249684,0.00598024,-0.00729146,-0.00034879,0.00018
2026-07-27,0.00388116,-0.00149857,-0.00344579,-0.00169129,-0.00577475,0.00018
2026-07-28,0.00945848,-0.00681537,-0.00913217,0.00097156,0.00018705,0.00018
2026-07-29,0.00180965,0.00288977,-0.00134747,0.00341623,-0.01292781,0.00018
2026-07-30,0.00501032,0.004422,0.00299134,0.00294733,-0.00012874,0.00018
2026-07-31,0.00182527,-0.00773266,0.00240426,0.0058895,-0.0014984,0.00018
2026-08-03,0.00165458,0.00913173,0.00447016,0.00115537,0.00107207,0.00018
2026-08-04,0.00472708,0.00695925,0.00122091,-0.00020293,0.00219416,0.00018
2026-08-05,-0.00858719,0.00438138,0.00867422,-0.00529403,0.00565125,0.00018
2026-08-06,-0.0059603,0.00294831,0.00428509,0.0002262,0.00243975,0.00018
2026-08-07,0.01462926,0.0016664,-0.00084753,0.00024656,0.00375997,0.00018
2026-08-10,-0.00307038,-0.00318882,-0.00448709,0.00120847,-0.00523539,0.00018
2026-08-11,-0.00124267,-0.00181483,0.00161806,-0.00044468,0.00367003,0.00018
2026-08-12,-0.00842183,9.117e-05,-0.01225323,0.00173956,-0.01061591,0.00018
2026-08-13,-0.0091735,-0.00112669,0.00055567,-0.00077095,0.00219255,0.00018
2026-08-14,-0.00207861,-0.00553393,0.01083427,0.00201926,0.00397237,0.00018
2026-08-17,-0.01546668,0.00464249,4.22e-06,-0.00266779,0.00356213,0.00018
2026-08-18,0.00870082,-0.00130732,-0.00767889,-0.00616038,-0.00091854,0.00018
